{
  "feature_names": [
    "velocity_count_60s",
    "amount_to_avg_ratio",
    "travel_speed_kmh",
    "is_new_device",
    "is_odd_hour",
    "amount"
  ],
  "scaler_mean": [
    0.5531875,
    1.2505755011546773,
    50.66269928659824,
    0.0589375,
    0.0985625,
    242.86055327824587
  ],
  "scaler_scale": [
    1.266262646469362,
    1.368495166416993,
    233.01777040193068,
    0.235507687971642,
    0.298073704968704,
    427.206543398594
  ],
  "coefficients": [
    0.5142302605392057,
    0.6160790068203731,
    0.6175814879216457,
    0.42204578085258543,
    0.3813283008796627,
    0.057661365922466096
  ],
  "intercept": -0.9851133491797369,
  "trained_at": "2026-07-16T11:50:26.255133+00:00",
  "n_samples": 20000,
  "test_auc": 0.8799416709963922
}